"Fish_id","Split"
"corrected_2022_kk_238","Train"
"corrected_2022_kk_347","Train"
"2021_yk_101","Train"
"2015_nk_133","Train"
"2011_nk_96","Train"
"2019_yk_473","Train"
"2017_kk_066","Train"
"2017_kk_236","Train"
"2017_kk_254","Train"
"2016_yk_184","Train"
"2015_nk_293","Train"
"2019_kk_460","Train"
"2016_yk_147","Train"
"2017_kk_030","Train"
"2016_yk_077","Train"
"2014_nk_254","Train"
"2016_yk_157","Train"
"2020_kk_310","Train"
"2017_yk_181","Train"
"2021_kk_106","Train"
"2017_yk_330","Train"
"2019_yk_064","Train"
"2019_yk_346","Train"
"2014_nk_119","Train"
"2019_kk_404","Train"
"2015_nk_166_redo","Train"
"2020_kk_062","Train"
"2014_nk_28","Train"
"2017_kk_104redo","Train"
"2019_yk_376","Train"
"2016_yk_018","Train"
"2020_kk_021_redo","Train"
"2016_yk_196","Train"
"2014_nk_215","Train"
"2017_kk_229","Train"
"2011_nk_60","Train"
"2014_nk_124","Train"
"2017_yk_056","Train"
"2021_kk_207","Train"
"2015_nk_208","Train"
"2019_kk_359","Train"
"2011_nk_31","Train"
"2015_yk_099","Train"
"2011_nk_46","Train"
"2014_nk_201","Train"
"2014_nk_184","Train"
"2019_kk_015","Train"
"2011_nk_15","Train"
"corrected_2022_kk_287","Train"
"2021_kk_247","Train"
"2014_nk_222","Train"
"2017_kk_126","Train"
"2015_yk_179","Train"
"2014_nk_280","Train"
"corrected_2022_kk_374","Train"
"2020_kk_333","Train"
"2021_kk_118","Train"
"2015_nk_120","Train"
"2011_nk_116","Train"
"2021_kk_201","Train"
"2020_kk_339","Train"
"2020_kk_115_redo","Train"
"2015_yk_199","Train"
"corrected_2022_kk_226","Train"
"2017_yk_091","Train"
"2017_kk_028","Train"
"2016_yk_139","Train"
"2021_yk_488","Train"
"2017_yk_325","Train"
"2015_nk_43_redo","Train"
"2021_kk_320","Train"
"2017_kk_054","Train"
"2016_yk_249_redo","Train"
"2019_kk_074","Train"
"2020_kk_143","Train"
"2019_kk_065","Train"
"2015_nk_074","Train"
"2021_kk_195","Train"
"2020_kk_091","Train"
"2020_kk_030","Train"
"2017_kk_024","Train"
"2011_nk_59","Train"
"2016_yk_231_a","Train"
"2017_yk_192","Train"
"2021_yk_307","Train"
"2015_nk_230","Train"
"corrected_2022_kk_069","Train"
"2011_nk_243","Train"
"2021_yk_173","Train"
"2015_yk_002","Train"
"2020_kk_251_sld20","Train"
"2016_yk_047","Train"
"2021_yk_324","Train"
"2015_yk_508","Train"
"2016_yk_111","Train"
"2015_nk_239","Train"
"2020_kk_130_redo","Train"
"2015_nk_065","Train"
"2020_kk_287","Train"
"2011_nk_43a","Train"
"2019_kk_481","Train"
"2021_yk_046","Train"
"2021_yk_033","Train"
"2016_yk_170","Train"
"2014_nk_231","Train"
"2020_kk_193","Train"
"2017_kk_246","Train"
"2019_yk_344","Train"
"2017_yk_142","Train"
"2016_yk_113_redo","Train"
"2021_kk_128","Train"
"2016_yk_114","Train"
"2011_nk_254","Train"
"2019_yk_284","Train"
"2019_kk_309","Train"
"2015_nk_209","Train"
"2020_kk_074","Train"
"corrected_2022_kk_178","Train"
"2021_yk_140","Train"
"2019_yk_354","Train"
"2015_nk_73_redo","Train"
"2019_kk_466","Train"
"corrected_2022_kk_179","Train"
"2019_yk_392","Train"
"2014_nk_25","Train"
"corrected_2022_kk_376","Train"
"2020_kk_046","Train"
"2015_yk_588","Train"
"2021_yk_095","Train"
"2015_nk_165","Train"
"2021_kk_235","Train"
"2019_kk_170","Train"
"2017_yk_080","Train"
"2015_yk_062","Train"
"2015_yk_068b","Train"
"2017_yk_332","Train"
"2015_nk_50_redo","Train"
"2017_kk_260redo","Train"
"2019_yk_440","Train"
"2015_nk_135","Train"
"2019_kk_236","Train"
"2021_kk_134_r1","Train"
"2020_kk_204","Train"
"2015_nk_058","Train"
"2021_yk_150","Train"
"2020_kk_293","Train"
"2017_kk_076","Train"
"2020_kk_338","Train"
"2021_yk_415","Train"
"corrected_2022_kk_200","Train"
"2021_yk_115","Train"
"2015_nk_031_redo","Train"
"2015_yk_457_1","Train"
"2016_yk_236_redo","Train"
"2016_yk_033","Train"
"2019_kk_212","Train"
"2021_yk_305","Train"
"2017_yk_055","Train"
"2011_nk_85","Train"
"2014_nk_69","Train"
"2015_nk_248","Train"
"2017_yk_092","Train"
"2021_yk_163","Train"
"2020_kk_067_redo","Train"
"2015_yk_302","Train"
"2019_kk_200","Train"
"2015_nk_178","Train"
"2015_yk_361","Train"
"2017_yk_253","Train"
"2017_yk_160","Train"
"2011_nk_53","Train"
"2015_nk_237","Train"
"2014_nk_264","Train"
"2014_nk_186","Train"
"2014_nk_178","Train"
"2021_yk_188","Train"
"2015_nk_238","Train"
"2020_kk_077","Train"
"2014_nk_243","Train"
"corrected_2022_kk_348","Train"
"2015_nk_146","Train"
"2016_yk_109","Train"
"2016_yk_080","Train"
"2019_yk_314","Train"
"2019_yk_115","Train"
"2019_kk_112","Train"
"2017_yk_318","Train"
"2016_yk_239_redo","Train"
"2021_yk_051","Train"
"2021_yk_311","Train"
"2019_yk_136","Train"
"2017_yk_250","Train"
"2011_nk_235","Train"
"2015_nk_273","Train"
"2016_yk_237","Train"
"2017_kk_213","Train"
"2019_yk_160","Train"
"2015_yk_578","Train"
"2015_yk_205","Train"
"2020_kk_218","Train"
"2016_yk_116_redo","Train"
"2015_yk_068a","Train"
"2019_kk_035","Train"
"2017_kk_205","Train"
"2014_nk_255","Train"
"2017_yk_273","Train"
"corrected_2022_kk_105","Train"
"2014_nk_4_redo","Train"
"2017_kk_101","Train"
"2021_kk_102a","Train"
"2020_kk_262","Train"
"2017_kk_083","Train"
"2021_yk_056","Train"
"2019_yk_206","Train"
"2019_kk_396","Train"
"2017_yk_222a","Train"
"2021_yk_073","Train"
"2017_yk_359","Train"
"2015_yk_068","Train"
"2017_kk_242","Train"
"2021_kk_186","Train"
"2021_kk_228","Train"
"corrected_2022_kk_229","Train"
"2017_yk_114","Train"
"2015_yk_348","Train"
"2021_yk_440","Train"
"corrected_2022_kk_323","Train"
"2017_yk_104","Train"
"2015_yk_396b","Train"
"2017_kk_223redo","Train"
"2017_yk_052","Train"
"2019_yk_277","Train"
"2014_nk_199","Train"
"2017_kk_233","Train"
"2019_yk_410","Train"
"2019_yk_165","Train"
"2014_nk_204","Train"
"2015_yk_546","Train"
"2015_nk_225","Train"
"2019_yk_455","Train"
"2017_kk_245","Train"
"2021_yk_437","Train"
"corrected_2022_kk_202","Train"
"2016_yk_212","Train"
"2011_nk_198","Train"
"2015_yk_559","Train"
"2016_yk_164","Train"
"2011_nk_189","Train"
"2017_kk_033redo","Train"
"2021_kk_306","Train"
"2021_yk_419","Train"
"2017_yk_184","Train"
"2015_nk_80_redo","Train"
"corrected_2022_kk_382","Train"
"corrected_2022_kk_067","Train"
"2016_yk_118_redo","Train"
"2020_kk_205","Train"
"2019_yk_227_redo","Train"
"2017_yk_362","Train"
"2017_yk_140","Train"
"2014_nk_152","Train"
"2021_kk_292","Train"
"2021_kk_047","Train"
"2015_nk_245","Train"
"2021_yk_450","Train"
"2015_nk_036_redo","Train"
"corrected_2022_kk_301","Train"
"2011_nk_138","Train"
"2020_kk_176","Train"
"2017_kk_062redo","Train"
"2021_yk_364","Train"
"2011_nk_208","Train"
"2011_nk_120","Train"
"2011_nk_77","Train"
"2017_yk_306","Train"
"2021_yk_452","Train"
"2015_nk_131","Train"
"2017_yk_344","Train"
"2016_yk_040","Train"
"2019_kk_365","Train"
"2014_nk_110","Train"
"2017_kk_072","Train"
"2014_nk_167","Train"
"2015_nk_097","Train"
"2020_kk_050","Train"
"2019_yk_328","Train"
"corrected_2022_kk_064","Train"
"2017_yk_125","Train"
"2017_kk_051","Train"
"2017_yk_079","Train"
"2011_nk_114","Train"
"2011_nk_64","Train"
"2017_kk_204","Train"
"2019_yk_493","Train"
"corrected_2022_kk_345","Train"
"2011_nk_226","Train"
"2011_nk_110","Train"
"2015_nk_247","Train"
"2014_nk_169","Train"
"2017_kk_011","Train"
"2019_kk_384","Train"
"2020_kk_088","Train"
"2017_yk_007","Train"
"2019_yk_280","Train"
"2021_yk_161","Train"
"2019_yk_256","Train"
"2017_kk_217","Train"
"2015_nk_296","Train"
"2016_yk_119","Train"
"2017_kk_067redo","Train"
"2015_nk_019","Train"
"2015_yk_537","Train"
"2020_kk_173","Train"
"2019_kk_367","Train"
"corrected_2022_kk_082","Train"
"2015_nk_270_1","Train"
"2016_yk_215","Train"
"2017_kk_248","Train"
"2016_yk_002","Train"
"2019_yk_027","Train"
"2020_kk_047","Train"
"2017_yk_083","Train"
"corrected_2022_kk_363","Train"
"2020_kk_336","Train"
"2019_kk_479","Train"
"2015_yk_357","Train"
"2017_yk_248","Train"
"2017_kk_162","Train"
"2014_nk_185","Train"
"2014_nk_150","Train"
"2011_nk_129","Train"
"2021_yk_432","Train"
"2021_kk_122","Train"
"2017_yk_081","Train"
"2019_yk_244","Train"
"2021_kk_085","Train"
"2019_yk_132","Train"
"2014_nk_30","Train"
"2015_nk_159","Train"
"2019_kk_486","Train"
"corrected_2022_kk_368","Train"
"2021_kk_153","Train"
"2014_nk_44","Train"
"2017_yk_214","Train"
"2015_nk_41_redo","Train"
"2017_kk_178","Train"
"2014_nk_218","Train"
"2017_yk_315","Train"
"2017_yk_233","Train"
"2021_kk_124","Train"
"2017_kk_023","Train"
"2014_nk_225","Train"
"2020_kk_017","Train"
"2019_yk_053","Train"
"2011_nk_237b","Train"
"2019_kk_191","Train"
"2015_nk_219","Train"
"corrected_2022_kk_308","Train"
"2017_yk_102","Train"
"2021_kk_229","Train"
"2021_yk_485","Train"
"2011_nk_250","Train"
"2014_nk_80","Train"
"2021_kk_039","Train"
"2015_yk_594","Train"
"2015_nk_297","Train"
"2019_yk_431","Train"
"2011_nk_159","Train"
"2019_kk_064","Train"
"2011_nk_94","Train"
"2014_nk_21","Train"
"2011_nk_92","Train"
"2019_yk_009","Train"
"2015_yk_423","Train"
"2021_kk_176","Train"
"2017_yk_321","Train"
"2017_yk_060","Train"
"2017_yk_216","Train"
"2019_kk_196","Train"
"2019_kk_448","Train"
"2016_yk_074_redo","Train"
"2017_yk_307","Train"
"2015_yk_035","Train"
"2019_yk_340","Train"
"2017_kk_195a","Train"
"2015_yk_214","Train"
"2016_yk_122","Train"
"2017_yk_348","Train"
"2014_nk_16_redo","Train"
"2015_nk_266_redo","Train"
"2021_yk_090","Train"
"2017_yk_112","Train"
"2021_kk_225","Train"
"2021_yk_048","Train"
"2019_kk_099","Train"
"2021_yk_216","Train"
"2015_nk_009","Train"
"2011_nk_209","Train"
"2014_nk_31","Train"
"2017_yk_146","Train"
"2015_nk_240_redo","Train"
"2015_nk_013_2","Train"
"2014_nk_151","Train"
"2020_kk_271","Train"
"2014_nk_60","Train"
"2019_kk_053","Train"
"2017_yk_349","Train"
"2014_nk_125","Train"
"2021_yk_487","Train"
"2011_nk_192","Train"
"2019_kk_129","Train"
"2015_nk_195","Train"
"2019_yk_448","Train"
"2014_nk_79","Train"
"2015_nk_096_redo","Train"
"2015_yk_114","Train"
"2019_yk_423","Train"
"2021_kk_332","Train"
"2015_yk_592","Train"
"2016_yk_221_sml","Train"
"2016_yk_017_redo","Train"
"2015_yk_514","Train"
"2015_nk_017","Train"
"2017_kk_240redo","Train"
"2017_yk_132","Train"
"2020_kk_019","Train"
"corrected_2022_kk_294","Train"
"2014_nk_101_redo","Train"
"2011_nk_162","Train"
"2017_kk_231","Train"
"corrected_2022_kk_118","Train"
"2015_nk_193","Train"
"2015_nk_030_redo","Train"
"2016_yk_152","Train"
"corrected_2022_kk_073","Train"
"2019_kk_218","Train"
"2016_yk_191","Train"
"2017_kk_201","Train"
"2021_kk_152_R1","Train"
"2020_kk_298","Train"
"2015_nk_226","Train"
"2015_yk_483","Train"
"2020_kk_342","Train"
"2015_nk_102","Train"
"2021_kk_194","Train"
"2019_yk_029","Train"
"corrected_2022_kk_207","Train"
"2011_nk_183","Train"
"2019_yk_358","Train"
"2011_nk_195","Train"
"corrected_2022_kk_108","Train"
"2016_yk_009","Train"
"2019_yk_300","Train"
"corrected_2022_kk_012","Train"
"2021_yk_170","Train"
"2019_yk_060","Train"
"2015_nk_250","Train"
"2016_yk_225","Train"
"2019_kk_476","Train"
"2015_yk_464","Train"
"2021_kk_209","Train"
"2015_nk_222","Train"
"2014_nk_236","Train"
"2016_yk_014_redo","Train"
"2019_yk_407","Train"
"2014_nk_198","Train"
"2015_yk_152","Train"
"2015_yk_451","Train"
"corrected_2022_kk_068","Train"
"2021_yk_207","Train"
"2020_kk_341","Train"
"2017_yk_145","Train"
"2015_nk_107","Train"
"2016_yk_167","Train"
"2015_yk_331","Train"
"2021_kk_120","Train"
"2015_yk_535","Train"
"corrected_2022_kk_284","Train"
"2017_kk_009","Train"
"2015_nk_014","Train"
"corrected_2022_kk_101","Train"
"2014_nk_24","Train"
"corrected_2022_kk_008","Train"
"2014_nk_179","Train"
"2014_nk_113","Train"
"2014_nk_94_redo","Train"
"2021_kk_116","Train"
"2016_yk_131","Train"
"2020_kk_250_redo","Train"
"2015_nk_221","Train"
"2021_kk_294","Train"
"2014_nk_39","Train"
"2017_yk_008","Train"
"2017_kk_005","Train"
"2017_kk_068","Train"
"2015_yk_159","Train"
"2015_nk_179","Train"
"2017_yk_183","Train"
"2015_yk_349","Train"
"2015_yk_151","Train"
"2021_yk_443","Train"
"2020_kk_014_redo","Train"
"2015_nk_130_redo","Train"
"2015_nk_205","Train"
"2014_nk_164","Train"
"2017_yk_166","Train"
"2019_kk_045","Train"
"2021_kk_087","Train"
"2011_nk_202","Train"
"2017_yk_313","Train"
"2020_kk_041","Train"
"2011_nk_114b","Train"
"2020_kk_327","Train"
"2015_nk_039","Train"
"2019_yk_311","Train"
"2015_yk_048","Train"
"2021_yk_372","Train"
"2015_yk_490","Train"
"2015_nk_89_redo","Train"
"2021_yk_128","Train"
"2014_nk_187","Train"
"2019_kk_142","Train"
"2015_yk_389","Train"
"2021_kk_326_R1","Train"
"2015_yk_275a","Train"
"corrected_2022_kk_230","Train"
"2017_yk_119","Train"
"2011_nk_67","Train"
"2017_yk_074","Train"
"corrected_2022_kk_028","Train"
"2019_yk_149","Train"
"2021_kk_155","Train"
"2019_yk_147","Train"
"2019_kk_184","Train"
"2015_nk_046","Train"
"2017_yk_242","Train"
"2016_yk_045","Train"
"2015_yk_149","Train"
"2014_nk_272","Train"
"2020_kk_121","Train"
"2015_nk_211","Train"
"2020_kk_324","Train"
"corrected_2022_kk_137","Train"
"2017_kk_234","Train"
"2015_yk_461","Train"
"2021_kk_344","Train"
"2019_kk_500","Train"
"2021_kk_327_R1","Train"
"2020_kk_226_redo","Train"
"2021_yk_202","Train"
"2017_yk_014","Train"
"2015_nk_142","Train"
"2021_yk_039","Train"
"2020_kk_144","Train"
"2016_yk_110_redo","Train"
"2011_nk_230","Train"
"2015_nk_028","Train"
"2017_kk_032","Train"
"2019_kk_094","Train"
"2015_yk_333_2","Train"
"2015_nk_253","Train"
"2011_nk_158","Train"
"2016_yk_093","Train"
"2015_nk_077_2","Train"
"2017_kk_258redo","Train"
"2011_nk_222","Train"
"2017_kk_147","Train"
"2015_yk_033","Train"
"2015_nk_033","Train"
"corrected_2022_kk_258","Train"
"2021_kk_139","Train"
"2017_yk_095","Train"
"2019_kk_314","Train"
"2016_yk_004","Train"
"2011_nk_27","Train"
"2019_yk_318","Train"
"2015_nk_075","Train"
"2015_yk_491","Train"
"2019_yk_499","Train"
"2014_nk_159","Train"
"2019_yk_288","Train"
"2019_kk_437","Train"
"2014_nk_235","Train"
"2015_nk_255","Train"
"2019_yk_007a","Train"
"corrected_2022_kk_111","Train"
"2017_kk_039","Train"
"2017_kk_037redoa","Train"
"2016_yk_240","Train"
"2021_kk_244","Train"
"2021_yk_473","Train"
"2019_kk_173","Train"
"2021_yk_117","Train"
"2014_nk_166","Train"
"2015_nk_257","Train"
"2014_nk_17","Train"
"corrected_2022_kk_132","Train"
"2020_kk_284","Train"
"2016_yk_044_redo","Train"
"2014_nk_112","Train"
"2014_nk_10_redo","Train"
"2019_kk_400","Train"
"2021_kk_171","Train"
"2020_kk_061","Train"
"2020_kk_210","Train"
"2021_yk_414","Train"
"corrected_2022_kk_247","Train"
"2020_kk_018_redo","Train"
"2021_kk_324","Train"
"2020_kk_101","Train"
"2019_kk_188","Train"
"2015_yk_180","Train"
"2019_kk_091","Train"
"2017_yk_027","Train"
"2014_nk_51","Train"
"2017_kk_214redo","Train"
"2017_kk_120redo","Train"
"2021_yk_131","Train"
"corrected_2022_kk_084","Train"
"2015_yk_424","Train"
"2021_kk_044_R1","Train"
"2015_nk_288","Train"
"2014_nk_252","Train"
"2019_yk_454","Train"
"2021_yk_110","Train"
"2019_kk_329","Train"
"2020_kk_006","Train"
"2017_yk_123","Train"
"corrected_2022_kk_237","Train"
"corrected_2022_kk_180","Train"
"2011_nk_165","Train"
"2017_kk_257redo","Train"
"2017_yk_213","Train"
"2019_kk_186","Train"
"2021_kk_018_R1","Train"
"2016_yk_223_redo","Train"
"2021_yk_333","Train"
"2021_kk_333","Train"
"2021_yk_003","Train"
"2017_yk_221","Train"
"2016_yk_048","Train"
"2021_kk_350_R1","Train"
"2020_kk_249","Train"
"2019_kk_268","Train"
"2019_yk_222","Train"
"2011_nk_95","Train"
"2019_kk_429","Train"
"2015_nk_035_1","Train"
"2020_kk_004","Train"
"2015_nk_192","Train"
"2017_kk_014","Train"
"2019_kk_494","Train"
"2019_yk_175a","Train"
"2016_yk_127","Train"
"2019_yk_085a","Train"
"2017_yk_016","Train"
"2015_yk_069","Train"
"2014_nk_262","Train"
"2015_nk_049","Train"
"2014_nk_245","Train"
"2014_nk_100","Train"
"corrected_2022_kk_206","Train"
"2021_kk_276","Train"
"2020_kk_146","Train"
"2017_yk_230","Train"
"2016_yk_005","Train"
"2015_yk_226","Train"
"2017_kk_058","Train"
"corrected_2022_kk_185","Train"
"2015_nk_048","Train"
"2015_nk_072","Train"
"2015_nk_232_redo","Train"
"2017_yk_305","Train"
"2017_yk_282","Train"
"2019_yk_081a","Train"
"2015_yk_165","Train"
"2021_yk_008","Train"
"2020_kk_155","Train"
"corrected_2022_kk_033","Train"
"2014_nk_197","Train"
"2020_kk_313","Train"
"2015_nk_044_redo","Train"
"2020_kk_066","Train"
"2015_nk_091","Train"
"2015_yk_416","Train"
"2021_kk_003_R2","Train"
"2020_kk_267_redo","Train"
"2019_yk_061","Train"
"2019_kk_066","Train"
"2014_nk_227","Train"
"2011_nk_113","Train"
"2015_yk_561","Train"
"2014_nk_188","Train"
"2015_nk_264_redo","Train"
"2016_yk_020","Train"
"2015_yk_065a","Train"
"2016_yk_219","Train"
"2017_kk_110redo","Train"
"2019_yk_069","Train"
"2016_yk_161","Train"
"2011_nk_122","Train"
"2021_kk_288","Train"
"2020_kk_104","Train"
"2016_yk_087","Train"
"corrected_2022_kk_355","Train"
"2011_nk_179","Train"
"2015_yk_593","Train"
"2019_yk_273","Train"
"2019_kk_464","Train"
"2014_nk_35_redo","Train"
"2019_kk_261","Train"
"corrected_2022_kk_197","Train"
"2019_yk_481","Train"
"2015_nk_055_redo_2","Train"
"2021_kk_156_r1","Train"
"corrected_2022_kk_112","Train"
"2011_nk_62","Train"
"2011_nk_54","Train"
"2014_nk_78","Train"
"2015_nk_005","Train"
"2011_nk_136","Train"
"2021_yk_076","Train"
"2017_kk_249redo","Train"
"corrected_2022_kk_291","Train"
"2016_yk_220_redo","Train"
"2011_nk_152","Train"
"2014_nk_131","Train"
"2016_yk_174","Train"
"2016_yk_026","Train"
"2015_nk_162","Train"
"2014_nk_26","Train"
"2015_yk_460","Train"
"corrected_2022_kk_310","Train"
"2020_kk_212","Train"
"2015_nk_86_redo","Train"
"2017_yk_367","Train"
"2011_nk_167","Train"
"2017_yk_038","Train"
"2021_yk_463","Train"
"2021_yk_469","Train"
"2019_kk_478","Train"
"2015_nk_281","Train"
"2014_nk_137","Train"
"2014_nk_281","Train"
"2019_kk_360","Train"
"2020_kk_305_redo","Train"
"2020_kk_308","Train"
"2021_yk_371","Train"
"2019_kk_161","Train"
"2020_kk_086","Train"
"2020_kk_080_redo","Train"
"2011_nk_200","Train"
"2017_yk_341","Train"
"2011_nk_121","Train"
"2015_nk_274","Train"
"2011_nk_57b","Train"
"2019_kk_082","Train"
"2019_kk_038","Train"
"2021_kk_057","Train"
"2017_kk_170","Train"
"2015_nk_283_redo","Train"
"2015_yk_426","Train"
"2015_nk_060","Train"
"2020_kk_033","Train"
"2011_nk_143","Train"
"2021_yk_213","Train"
"2015_yk_314","Train"
"2021_yk_061","Train"
"2019_yk_170","Train"
"2015_nk_106","Train"
"2014_nk_63","Train"
"2016_yk_206_redo","Train"
"2015_nk_3_redo","Train"
"2016_yk_098_redo","Train"
"2015_yk_404","Train"
"2017_yk_093","Train"
"2017_kk_116redo","Train"
"2017_yk_049","Train"
"2011_nk_39","Train"
"2011_nk_207","Train"
"2014_nk_177","Train"
"2015_yk_084","Train"
"2015_nk_56_redo","Train"
"2014_nk_279","Train"
"2015_nk_121","Train"
"2016_yk_238","Train"
"2011_nk_19","Train"
"2019_yk_419","Train"
"2017_yk_165","Train"
"2015_nk_87_redo","Train"
"2015_nk_202","Train"
"2011_nk_242","Train"
"2021_kk_296_R1","Train"
"2017_kk_114","Train"
"2015_yk_097","Train"
"2017_kk_012","Train"
"2020_kk_246","Train"
"corrected_2022_kk_117","Train"
"corrected_2022_kk_223","Train"
"2016_yk_115","Train"
"2014_nk_210","Train"
"2019_yk_377_redo","Train"
"2019_yk_185","Train"
"2020_kk_303","Train"
"2017_kk_025","Train"
"2019_yk_388","Train"
"2011_nk_215","Train"
"2016_yk_198","Train"
"2021_kk_142","Train"
"2011_nk_79","Train"
"2017_yk_061","Train"
"2021_yk_518","Train"
"2020_kk_034","Train"
"corrected_2022_kk_337","Train"
"2015_nk_155_1","Train"
"2016_yk_046_redo","Train"
"2015_yk_052b","Train"
"2014_nk_249","Train"
"corrected_2022_kk_214","Train"
"2017_kk_202","Train"
"2017_yk_340","Train"
"2017_yk_058","Train"
"2019_yk_123","Train"
"2021_yk_210","Train"
"2021_yk_211","Train"
"2017_yk_207","Train"
"2011_nk_142","Train"
"2017_yk_232","Train"
"2016_yk_162","Train"
"2021_kk_166","Train"
"2019_yk_052","Train"
"2014_nk_174","Train"
"2014_nk_81","Train"
"2016_yk_218","Train"
"2019_yk_332","Train"
"2019_kk_120","Train"
"2017_kk_210","Train"
"2017_kk_045","Train"
"2016_yk_081","Train"
"2015_nk_212","Train"
"2015_yk_543","Train"
"2014_nk_53","Train"
"2011_nk_104","Train"
"2017_kk_015","Train"
"2017_kk_125redo","Train"
"2011_nk_49","Train"
"2021_yk_515","Train"
"2014_nk_122","Train"
"2016_yk_160","Train"
"2014_nk_193","Train"
"2017_yk_322","Train"
"2017_yk_117","Train"
"2016_yk_088_redo","Train"
"2014_nk_88_redo","Train"
"2021_yk_183","Train"
"2015_yk_175","Train"
"corrected_2022_kk_173","Train"
"2015_nk_275_redo","Train"
"2019_kk_215","Train"
"2015_yk_082","Train"
"2015_yk_193","Train"
"2014_nk_37","Train"
"2020_kk_063_redo","Train"
"2019_yk_285_redo","Train"
"2021_yk_175","Train"
"2017_kk_135","Train"
"2019_yk_075","Train"
"2016_yk_022","Train"
"2021_kk_034a","Train"
"2020_kk_320_redo","Train"
"2011_nk_70","Train"
"2019_yk_223","Train"
"2019_yk_020","Train"
"2015_nk_286","Train"
"2020_kk_065","Train"
"2014_nk_92","Train"
"2015_nk_235","Train"
"2017_yk_043","Train"
"2017_yk_317","Train"
"2015_yk_390","Train"
"2019_yk_254","Train"
"2015_yk_436","Train"
"2015_nk_119","Train"
"2021_yk_482","Train"
"2021_kk_036","Train"
"2011_nk_161","Train"
"2016_yk_042_redo","Train"
"2020_kk_319","Train"
"2014_nk_138","Train"
"2017_yk_171","Train"
"2017_kk_225redo","Train"
"2015_nk_233_redo","Train"
"2017_kk_106","Train"
"2015_nk_269","Train"
"2019_yk_051","Train"
"corrected_2022_kk_208","Train"
"2019_kk_471","Train"
"2014_nk_224","Train"
"2014_nk_75","Train"
"corrected_2022_kk_361","Train"
"2015_nk_012","Train"
"2020_kk_344","Train"
"2011_nk_33","Train"
"2019_yk_168a","Train"
"2019_kk_222","Train"
"2011_nk_55","Train"
"2019_kk_372","Train"
"2016_yk_091","Train"
"2021_yk_439","Train"
"2014_nk_114","Train"
"corrected_2022_kk_251","Train"
"2021_kk_291","Train"
"2020_kk_266","Train"
"2017_yk_034","Train"
"2015_yk_100","Train"
"corrected_2022_kk_242","Train"
"2017_kk_206","Train"
"2017_kk_188","Train"
"2019_yk_225","Train"
"2015_nk_090","Train"
"2015_yk_576","Train"
"2015_nk_152_redo_1","Train"
"2020_kk_236","Train"
"2016_yk_214_redo","Train"
"2019_kk_332","Train"
"2017_yk_309","Train"
"2011_nk_44","Train"
"2020_kk_128","Train"
"2017_yk_118","Train"
"2015_nk_001","Train"
"2017_yk_316","Train"
"2017_kk_171","Train"
"2019_yk_444","Train"
"2019_yk_287","Train"
"2015_nk_144","Train"
"2016_yk_207","Train"
"2015_yk_025","Train"
"2019_kk_182","Train"
"2015_nk_78_2","Train"
"2014_nk_15","Train"
"2016_yk_175","Train"
"2019_yk_192","Train"
"2014_nk_217","Train"
"2019_yk_070","Train"
"2019_kk_041","Train"
"2019_kk_199","Train"
"2015_yk_316","Train"
"2019_yk_104a","Train"
"2015_nk_241","Train"
"2014_nk_274","Train"
"2016_yk_136","Train"
"2019_kk_490","Train"
"corrected_2022_kk_369","Train"
"2021_kk_038_R1","Train"
"2017_kk_247","Train"
"2019_kk_312","Train"
"2014_nk_90","Train"
"2017_yk_110","Train"
"2017_kk_113","Train"
"2011_nk_131","Train"
"2021_yk_521","Train"
"2019_kk_432","Train"
"2019_kk_282","Train"
"2020_kk_039_redo","Train"
"2017_yk_135","Train"
"2020_kk_326","Train"
"2011_nk_148","Train"
"2014_nk_232","Train"
"2011_nk_153","Train"
"2021_yk_023","Train"
"2014_nk_237","Train"
"2017_kk_035","Train"
"2019_kk_034_sld25","Train"
"2015_yk_450","Train"
"2017_kk_021","Train"
"2015_yk_541","Train"
"2014_nk_55","Train"
"2021_kk_363_R1","Train"
"2011_nk_52","Train"
"2021_yk_143","Train"
"2021_kk_183","Train"
"2019_kk_194","Train"
"2019_yk_239_redo","Train"
"corrected_2022_kk_070","Train"
"2014_nk_102_redo","Train"
"2016_yk_055","Train"
"2021_yk_020","Train"
"2019_yk_081","Train"
"2021_yk_312","Train"
"2011_nk_34","Train"
"2016_yk_172","Train"
"2015_yk_223","Train"
"2021_yk_036","Train"
"2011_nk_203","Train"
"2019_kk_014","Train"
"2017_kk_034","Train"
"2019_kk_190","Train"
"2017_yk_012","Train"
"2021_yk_474","Train"
"2015_yk_613","Train"
"2015_yk_200","Train"
"2020_kk_127","Train"
"2011_nk_32","Train"
"2017_yk_365","Train"
"2015_yk_568","Train"
"corrected_2022_kk_349","Train"
"2011_nk_106","Train"
"2019_yk_289","Train"
"corrected_2022_kk_182","Train"
"2021_yk_468","Train"
"2019_yk_206a","Train"
"2021_yk_165","Train"
"2017_yk_338","Train"
"2019_yk_018","Train"
"corrected_2022_kk_380","Train"
"2021_yk_514","Train"
"2019_kk_281","Train"
"2019_kk_213","Train"
"2014_nk_171","Train"
"2016_yk_027_redo","Train"
"2020_kk_323","Train"
"2020_kk_073","Train"
"2014_nk_265","Train"
"2016_yk_211","Train"
"2020_kk_024","Train"
"corrected_2022_kk_006","Train"
"2019_kk_131","Train"
"2021_kk_299","Train"
"2015_yk_425","Train"
"2016_yk_028_redo","Train"
"2016_yk_037","Train"
"2015_yk_375","Train"
"2019_kk_405","Train"
"2011_nk_181","Train"
"2020_kk_325","Train"
"corrected_2022_kk_199","Train"
"2019_kk_109","Train"
"2014_nk_219","Train"
"2011_nk_102","Train"
"2015_yk_551","Train"
"2015_nk_101","Train"
"2016_yk_233_redo","Train"
"corrected_2022_kk_336","Train"
"2017_yk_258","Train"
"2021_kk_138","Train"
"2017_yk_255","Train"
"2017_kk_266","Train"
"2016_yk_227_redo","Train"
"2020_kk_016","Train"
"2021_kk_248_R1","Train"
"2017_yk_128","Train"
"2019_kk_294","Train"
"2014_nk_46B","Train"
"2014_nk_128_153325","Train"
"2021_kk_263_R2","Train"
"2020_kk_023","Train"
"2015_yk_056a","Train"
"2021_kk_304","Train"
"2019_kk_122","Train"
"2021_kk_121","Train"
"2019_kk_232","Train"
"2021_yk_200","Train"
"2014_nk_57","Train"
"2016_yk_104_redo","Train"
"2014_nk_93","Train"
"2017_yk_193","Train"
"2019_yk_298","Train"
"corrected_2022_kk_218","Train"
"2014_nk_273","Train"
"2016_yk_189a","Train"
"corrected_2022_kk_283","Train"
"2021_yk_378","Train"
"2015_yk_325","Train"
"2017_yk_375","Train"
"2015_yk_558","Train"
"2020_kk_154_redo","Train"
"2019_kk_176","Train"
"2019_yk_176","Train"
"2014_nk_251","Train"
"2015_nk_137_redo","Train"
"2019_kk_098a","Train"
"2019_kk_114","Train"
"2014_nk_10_redo_2ndredo","Train"
"2019_yk_161","Train"
"2011_nk_164","Train"
"2019_kk_149","Train"
"2011_nk_186","Train"
"2019_yk_355","Train"
"2021_kk_152","Train"
"2017_kk_152","Train"
"2017_yk_370","Train"
"2011_nk_232","Train"
"2019_kk_345","Train"
"2019_yk_441","Train"
"2017_yk_331","Train"
"2011_nk_125","Train"
"2015_nk_042","Train"
"2017_kk_244","Train"
"2016_yk_135","Train"
"2017_kk_161","Train"
"2019_kk_135","Train"
"2019_yk_262","Train"
"2017_kk_013","Train"
"2015_yk_462","Train"
"2017_kk_031","Train"
"2015_nk_095","Train"
"2017_yk_018","Train"
"2016_yk_190_redo","Train"
"2016_yk_179","Train"
"2016_yk_248","Train"
"2017_yk_182","Train"
"2014_nk_6","Train"
"2011_nk_48","Train"
"2021_yk_406","Train"
"2017_kk_262redo","Train"
"2014_nk_41","Train"
"2014_nk_136","Train"
"2015_yk_431","Train"
"2015_nk_110_redo","Train"
"2021_yk_105","Train"
"2019_yk_491","Train"
"2021_kk_313","Train"
"2015_yk_367","Train"
"2011_nk_98","Train"
"2019_kk_373","Train"
"2014_nk_40","Train"
"2020_kk_307","Train"
"2021_kk_274","Train"
"corrected_2022_kk_354","Train"
"2017_kk_095","Train"
"2020_kk_031","Train"
"2017_kk_121","Train"
"2015_nk_186","Train"
"2017_kk_219","Train"
"2019_yk_307","Train"
"2015_nk_164","Train"
"2014_nk_149","Train"
"corrected_2022_kk_043","Train"
"2015_nk_115","Train"
"2019_kk_031_sld25","Train"
"2021_yk_472","Train"
"2014_nk_175","Train"
"corrected_2022_kk_198","Train"
"2019_kk_419","Train"
"2017_yk_148","Train"
"2019_kk_088","Train"
"2015_nk_276_redo","Train"
"2015_nk_153","Train"
"corrected_2022_kk_025","Train"
"2020_kk_253_sld20","Train"
"2017_yk_360","Train"
"2011_nk_217","Train"
"2017_yk_364","Train"
"2011_nk_193","Train"
"2021_kk_270","Train"
"2020_kk_263","Train"
"2015_nk_140_redo","Train"
"2015_yk_454","Train"
"2015_nk_54_redo","Train"
"2021_yk_102","Train"
"2014_nk_76","Train"
"2011_nk_47","Train"
"2011_nk_204","Train"
"2017_yk_036","Train"
"2014_nk_29B","Train"
"2019_yk_402","Train"
"2019_yk_196","Train"
"2011_nk_115","Train"
"2017_yk_274","Train"
"2021_yk_448","Train"
"2016_yk_084","Train"
"2017_yk_187","Train"
"2019_kk_453","Train"
"2019_yk_470","Train"
"2019_yk_379","Train"
"corrected_2022_kk_098","Train"
"2014_nk_36","Train"
"2014_nk_194","Train"
"2011_nk_172","Train"
"2021_kk_315_R1","Train"
"2015_yk_137","Train"
"2021_kk_226","Train"
"2017_kk_193","Train"
"2015_nk_287","Train"
"2017_kk_140","Train"
"2015_nk_228","Train"
"2017_yk_087","Train"
"2016_yk_029","Train"
"2011_nk_249","Train"
"2017_yk_284","Train"
"2019_yk_302","Train"
"corrected_2022_kk_309","Train"
"2016_yk_041","Train"
"2015_nk_082","Train"
"2021_kk_311","Train"
"2020_kk_040","Train"
"2014_nk_229","Train"
"2014_nk_120","Train"
"corrected_2022_kk_316","Train"
"2017_kk_272redo","Train"
"2015_nk_045_redo","Train"
"corrected_2022_kk_215","Train"
"2011_nk_35","Train"
"2019_yk_348","Train"
"2011_nk_211","Train"
"2021_kk_372","Train"
"corrected_2022_kk_120","Train"
"2017_yk_025","Train"
"2019_yk_053a","Train"
"2019_kk_050","Train"
"2011_nk_255","Train"
"corrected_2022_kk_321","Train"
"2017_kk_198redo","Train"
"2015_yk_306","Train"
"2019_kk_461","Train"
"2017_kk_047","Train"
"2017_kk_175","Train"
"2021_yk_313","Train"
"2014_nk_148","Train"
"2016_yk_058_redo","Train"
"2011_nk_236","Train"
"corrected_2022_kk_046","Train"
"2015_yk_243","Train"
"corrected_2022_kk_307","Train"
"2017_yk_366","Train"
"2011_nk_119","Train"
"2015_nk_207","Train"
"2014_nk_91","Train"
"corrected_2022_kk_060","Train"
"2021_kk_202","Train"
"2014_nk_146","Train"
"corrected_2022_kk_109","Train"
"2021_kk_309","Train"
"2021_yk_103","Train"
"2014_nk_123","Train"
"2014_nk_162","Train"
"2019_kk_155","Train"
"2021_kk_157","Train"
"2015_yk_497","Train"
"2015_nk_261","Train"
"2017_kk_006","Train"
"2016_yk_134","Train"
"corrected_2022_kk_075","Train"
"2016_yk_208","Train"
"2016_yk_060_redo","Train"
"2021_kk_108","Train"
"2015_nk_196","Train"
"2020_kk_035","Train"
"2020_kk_203","Train"
"2015_yk_017","Train"
"2011_nk_182","Train"
"2015_yk_400","Train"
"2014_nk_183","Train"
"2011_nk_188","Train"
"2014_nk_203","Train"
"2014_nk_59","Train"
"2020_kk_275","Train"
"2020_kk_043","Train"
"2019_kk_159","Train"
"2014_nk_206","Train"
"2017_yk_280","Train"
"2021_kk_328","Train"
"2015_yk_422","Train"
"2015_nk_139","Train"
"2021_yk_049","Train"
"2021_kk_094","Train"
"2017_kk_087","Train"
"2016_yk_169","Train"
"2016_yk_085_redo","Train"
"corrected_2022_kk_324","Train"
"2015_yk_225","Train"
"2017_kk_019","Train"
"2015_yk_102a","Train"
"2015_nk_156_smlLB","Train"
"2015_nk_284","Train"
"2014_nk_158","Train"
"2016_yk_242","Train"
"2015_nk_197_1","Train"
"2017_yk_228","Train"
"2015_yk_377","Train"
"2017_kk_189","Train"
"2021_yk_335","Train"
"2014_nk_70_redo","Train"
"2021_yk_507","Train"
"2015_nk_214","Train"
"2021_yk_184","Train"
"2011_nk_71","Train"
"2014_nk_144","Train"
"2020_kk_027","Train"
"corrected_2022_kk_325","Train"
"2011_nk_43","Train"
"2017_kk_094","Train"
"2014_nk_121","Train"
"2019_kk_491","Train"
"2015_yk_244","Train"
"2019_yk_291","Train"
"2019_yk_435","Train"
"2019_yk_139a","Train"
"2019_kk_080","Train"
"corrected_2022_kk_056","Train"
"2011_nk_128","Train"
"2014_nk_220","Train"
"2015_nk_109","Train"
"2019_yk_145","Train"
"2020_kk_248","Train"
"corrected_2022_kk_298","Train"
"2015_nk_69_redo","Train"
"2015_nk_105","Train"
"2015_yk_098","Train"
"2015_yk_602","Train"
"2017_kk_119","Train"
"2020_kk_058_redo","Train"
"2017_yk_129","Train"
"2014_nk_260","Train"
"2014_nk_233","Train"
"2016_yk_188_redo","Train"
"2019_yk_352","Train"
"2014_nk_62","Train"
"2011_nk_251","Train"
"2020_kk_158","Train"
"2015_yk_111","Train"
"2021_kk_030","Train"
"2019_yk_223a","Train"
"2015_yk_616","Train"
"2011_nk_154","Train"
"2011_nk_134","Train"
"2019_kk_009","Train"
"2017_kk_212","Train"
"2015_yk_534","Train"
"corrected_2022_kk_213","Train"
"2019_kk_090","Train"
"2019_yk_253","Train"
"2015_nk_227","Train"
"corrected_2022_kk_224","Train"
"2021_kk_111","Train"
"corrected_2022_kk_175","Train"
"2017_kk_243redo","Train"
"2014_nk_132","Train"
"2016_yk_070","Train"
"2017_yk_191","Train"
"2014_nk_261","Train"
"2014_nk_109","Train"
"corrected_2022_kk_081","Train"
"2017_kk_059","Train"
"2021_kk_104","Train"
"2016_yk_099","Train"
"2021_yk_497","Train"
"2014_nk_13","Train"
"2016_yk_108","Train"
"2014_nk_140","Train"
"2011_nk_146","Train"
"2021_yk_329","Train"
"2017_kk_097","Train"
"2017_yk_035","Train"
"2021_kk_290_R1","Train"
"2015_nk_290_redo","Train"
"2019_yk_243","Train"
"2015_yk_233","Train"
"2016_yk_121","Train"
"2014_nk_181","Train"
"2017_yk_019","Train"
"2017_kk_100","Train"
"2016_yk_012","Train"
"2019_kk_071","Train"
"2015_yk_479","Train"
"2011_nk_137","Train"
"2017_yk_326","Train"
"2019_yk_013","Train"
"2019_yk_279","Train"
"2011_nk_89","Train"
"2019_yk_433","Train"
"2014_nk_82_redo","Train"
"2016_yk_130","Train"
"2011_nk_81","Train"
"2019_kk_148","Train"
"2011_nk_83","Train"
"2016_yk_082_redo","Train"
"2019_kk_242","Train"
"2015_nk_098","Train"
"2016_yk_010_redo","Train"
"2020_kk_296","Train"
"2015_yk_092","Train"
"2015_yk_474","Train"
"2019_yk_395","Train"
"2020_kk_330","Train"
"2020_kk_117a","Train"
"corrected_2022_kk_072","Train"
"2019_kk_489","Train"
"2015_nk_213","Train"
"2016_yk_083_redo","Train"
"2020_kk_157","Train"
"corrected_2022_kk_063","Train"
"2020_kk_259","Train"
"corrected_2022_kk_058","Train"
"2014_nk_242","Train"
"2017_kk_134redo","Train"
"2015_nk_256","Train"
"2016_yk_067_redo","Train"
"corrected_2022_kk_221","Train"
"2017_yk_262","Train"
"2011_nk_24","Train"
"2019_kk_117","Train"
"2015_yk_545","Train"
"2019_yk_427","Train"
"2014_nk_68","Train"
"2019_kk_391","Train"
"2021_kk_175","Train"
"2021_kk_041","Train"
"2011_nk_90","Train"
"2016_yk_146","Train"
"2021_yk_326","Train"
"2015_yk_129","Train"
"2014_nk_269","Train"
"2017_kk_255","Train"
"2019_yk_036","Train"
"2015_yk_611","Train"
"2017_yk_042","Train"
"2014_nk_223","Train"
"2015_yk_065","Train"
"2021_kk_184","Train"
"2011_nk_88","Train"
"2020_kk_084","Train"
"2017_kk_163","Train"
"corrected_2022_kk_053","Train"
"2015_yk_161","Train"
"2015_nk_151_redo_1","Train"
"2015_yk_494","Train"
"corrected_2022_kk_357","Train"
"2015_yk_034","Train"
"2014_nk_213","Train"
"2017_yk_219","Train"
"2020_kk_321","Train"
"2016_yk_034","Train"
"2020_kk_315_redo","Train"
"2016_yk_181","Train"
"2015_yk_600","Train"
"2017_kk_207","Train"
"2014_nk_128_152034","Train"
"corrected_2022_kk_174","Train"
"2015_nk_040","Train"
"2014_nk_228","Train"
"2017_kk_153redo","Train"
"2011_nk_218","Train"
"2021_kk_301","Train"
"2017_yk_247","Train"
"2019_yk_272","Train"
"2020_kk_106_redo","Train"
"2021_kk_232_a","Train"
"2016_yk_105","Train"
"2021_yk_138","Train"
"2016_yk_199","Train"
"2019_kk_255","Train"
"2016_yk_217","Train"
"2015_yk_116","Train"
"2020_kk_258","Train"
"2017_yk_314","Train"
"2019_yk_088","Train"
"2015_yk_430","Train"
"2017_kk_004","Train"
"2017_yk_115","Train"
"2017_yk_303","Train"
"2011_nk_141","Train"
"2015_yk_395","Train"
"2015_nk_145_redo","Train"
"2017_kk_261","Train"
"2015_yk_394","Train"
"2017_kk_053redo","Train"
"2019_yk_055","Train"
"2011_nk_144","Train"
"2011_nk_18","Train"
"2014_nk_99","Train"
"2015_nk_181","Train"
"2011_nk_58","Train"
"2014_nk_258","Train"
"2017_kk_010","Train"
"2019_kk_496","Train"
"2019_kk_126","Train"
"2017_yk_030","Train"
"2021_kk_062_R1","Train"
"2020_kk_233a","Train"
"2016_yk_013","Train"
"2015_nk_199_redo","Train"
"2019_kk_425","Train"
"2019_yk_449","Train"
"2015_nk_234","Train"
"2017_yk_239","Train"
"2011_nk_206","Train"
"2015_yk_615","Train"
"2015_nk_173","Train"
"2015_yk_487","Train"
"2014_nk_170","Train"
"2011_nk_78","Train"
"2017_kk_179","Train"
"2016_yk_133","Train"
"2015_yk_523","Train"
"2021_yk_080","Train"
"2016_yk_156","Train"
"2017_kk_183redo","Train"
"2017_yk_337","Train"
"2014_nk_32","Train"
"2019_yk_492","Train"
"2016_yk_235_redo","Train"
"2015_nk_100","Train"
"2020_kk_136","Train"
"2014_nk_230","Train"
"2021_yk_396","Train"
"2021_yk_198","Train"
"2017_kk_136","Train"
"2021_yk_416","Train"
"2020_kk_329","Train"
"2015_yk_166","Train"
"2016_yk_021_redo","Train"
"2021_yk_418","Train"
"2015_yk_052","Train"
"2016_yk_177_redo","Train"
"2015_nk_200","Train"
"2019_yk_420","Train"
"2016_yk_126","Train"
"2015_nk_231_redo","Train"
"2011_nk_109","Train"
"2017_kk_253","Train"
"corrected_2022_kk_257","Train"
"2015_yk_526","Train"
"2019_yk_187","Train"
"2014_nk_154","Train"
"2014_nk_49","Train"
"2015_nk_038","Train"
"2015_yk_220","Train"
"2015_yk_573","Train"
"2015_yk_117","Train"
"corrected_2022_kk_314","Train"
"2017_kk_270redo","Train"
"2017_yk_302","Train"
"2014_nk_156","Train"
"2017_yk_161","Train"
"2019_yk_208","Train"
"2019_yk_153","Train"
"2020_kk_097","Train"
"2019_yk_368","Train"
"2014_nk_276","Train"
"corrected_2022_kk_049","Train"
"2016_yk_023","Train"
"2020_kk_311","Train"
"2021_yk_425","Train"
"corrected_2022_kk_085","Train"
"2017_kk_159","Train"
"2020_kk_318","Train"
"2021_yk_043","Train"
"2021_yk_503","Train"
"2011_nk_42","Train"
"2011_nk_252","Train"
"2014_nk_196","Train"
"2017_kk_036redo","Train"
"2021_kk_285","Train"
"2017_yk_103","Train"
"2019_yk_475","Train"
"2017_yk_147","Train"
"2019_yk_220","Train"
"2019_yk_273_redo","Train"
"2011_nk_61","Train"
"2020_kk_184","Train"
"2017_kk_086","Train"
"corrected_2022_kk_329","Train"
"2016_yk_151","Train"
"2019_kk_123","Train"
"2016_yk_125","Train"
"2015_nk_291_redo","Train"
"2020_kk_242_sld18","Train"
"2011_nk_37","Train"
"2021_yk_122","Train"
"2019_yk_061a","Train"
"2021_kk_298","Train"
"2016_yk_102a","Train"
"2014_nk_22_redo","Train"
"2015_yk_011","Train"
"2016_yk_001","Train"
"2019_yk_172","Train"
"2017_kk_111","Train"
"2017_kk_142redo","Train"
"2021_yk_192","Train"
"2015_nk_169","Train"
"2019_kk_147","Train"
"corrected_2022_kk_305","Train"
"2015_yk_327","Train"
"corrected_2022_kk_194","Train"
"2014_nk_111","Train"
"2014_nk_248","Train"
"2021_kk_284","Train"
"2014_nk_98","Train"
"2017_yk_077","Train"
"2019_kk_380","Train"
"2019_kk_474","Train"
"2019_kk_330","Train"
"2011_nk_239","Train"
"corrected_2022_kk_089","Train"
"2017_kk_091","Train"
"2020_kk_044_redo","Train"
"2017_yk_342","Train"
"2020_kk_131_redo","Train"
"2019_yk_428","Train"
"2020_kk_129_redo","Train"
"2011_nk_13","Train"
"2011_nk_107","Train"
"2021_yk_089","Train"
"2016_yk_076","Train"
"2017_kk_197","Train"
"2019_kk_119","Train"
"corrected_2022_kk_360","Train"
"2015_nk_220","Train"
"2017_kk_264redo","Train"
"2014_nk_73","Train"
"2015_nk_272_redo","Train"
"2021_kk_031","Train"
"2021_kk_197r1","Train"
"2019_yk_175","Train"
"2017_yk_050","Train"
"2017_yk_268","Train"
"2019_yk_466","Train"
"2017_yk_072","Train"
"2019_kk_163","Train"
"2015_yk_366","Train"
"2021_yk_064","Train"
"2019_kk_430","Train"
"corrected_2022_kk_086","Train"
"2017_yk_351","Train"
"2020_kk_239_redo","Train"
"2020_kk_071_redo","Train"
"2020_kk_234","Train"
"2019_kk_308","Train"
"corrected_2022_kk_065","Train"
"2016_yk_043","Train"
"2020_kk_020_redo","Train"
"2016_yk_226","Train"
"2015_yk_174","Train"
"2011_nk_80","Train"
"2019_yk_301","Train"
"2015_yk_524","Train"
"2021_yk_185","Train"
"2015_yk_080","Train"
"2021_yk_120","Train"
"2017_kk_137","Train"
"2017_kk_098redo","Train"
"2017_yk_134","Train"
"2021_yk_092","Train"
"corrected_2022_kk_299","Train"
"2015_yk_486","Train"
"2015_nk_116_2","Train"
"2017_kk_027","Train"
"2015_nk_182","Train"
"2017_kk_263redo","Train"
"2011_nk_175","Train"
"2015_nk_111_redo","Train"
"2019_yk_028a","Train"
"2011_nk_185","Train"
"corrected_2022_kk_255","Train"
"2019_yk_140","Train"
"2015_nk_134_1","Train"
"2017_kk_267redo","Train"
"2015_nk_292","Train"
"2015_nk_236","Train"
"2019_yk_437","Train"
"2011_nk_149","Train"
"2021_kk_354","Train"
"2017_kk_151","Train"
"2019_yk_461","Train"
"2015_nk_262","Train"
"2016_yk_197","Train"
"corrected_2022_kk_292","Train"
"2019_kk_001","Train"
"corrected_2022_kk_102","Train"
"2021_yk_368","Train"
"2015_yk_109","Train"
"2017_kk_208","Train"
"2016_yk_057_redo","Train"
"2020_kk_146_redo","Train"
"2017_kk_071","Train"
"2014_nk_115","Train"
"2014_nk_19","Train"
"2011_nk_28","Train"
"corrected_2022_kk_177","Train"
"2011_nk_247","Train"
"2014_nk_240","Train"
"2015_nk_282_redo","Train"
"2015_nk_188","Train"
"corrected_2022_kk_071","Train"
"2021_kk_237","Train"
"2015_nk_251","Train"
"2017_yk_133","Train"
"2015_yk_380","Train"
"2015_yk_402","Train"
"2019_yk_415","Train"
"2015_nk_185_redo","Train"
"2017_kk_103","Train"
"2016_yk_245_redo","Train"
"2020_kk_166_redo","Train"
"2011_nk_176","Train"
"2015_yk_006","Train"
"2019_yk_261","Train"
"corrected_2022_kk_300","Train"
"2015_nk_243","Train"
"2014_nk_207","Train"
"corrected_2022_kk_240","Train"
"2014_nk_161","Train"
"2014_nk_135","Train"
"corrected_2022_kk_256","Train"
"2015_yk_437","Train"
"2017_yk_029","Train"
"2019_yk_425","Train"
"2015_yk_571","Train"
"2017_kk_007","Train"
"2020_kk_133","Train"
"2014_nk_118","Train"
"2011_nk_221","Train"
"2015_nk_094","Train"
"2020_kk_089","Train"
"2015_yk_342","Train"
"2014_nk_160","Train"
"2017_yk_335","Train"
"2017_kk_192","Train"
"2017_kk_107","Train"
"2015_yk_587","Train"
"2015_yk_012","Train"
"2017_yk_260","Train"
"2019_kk_096","Train"
"2016_yk_094","Train"
"2019_yk_313","Train"
"2014_nk_27","Train"
"2019_kk_239","Train"
"2019_yk_133","Train"
"2015_yk_171","Train"
"2020_kk_152","Train"
"2021_yk_156","Train"
"2020_kk_042","Train"
"2021_yk_134","Train"
"2011_nk_123","Train"
"2019_kk_370","Train"
"2019_kk_254","Train"
"corrected_2022_kk_080","Train"
"2011_nk_238","Train"
"2016_yk_016_redo","Train"
"corrected_2022_kk_032","Train"
"2021_kk_287","Train"
"2014_nk_202","Train"
"2017_kk_016","Train"
"2015_yk_222","Train"
"corrected_2022_kk_327","Train"
"2019_kk_115","Train"
"2015_nk_129","Train"
"2021_yk_057","Train"
"2016_yk_052","Train"
"corrected_2022_kk_381","Train"
"2011_nk_233","Train"
"2015_nk_150","Train"
"2015_nk_062_redo","Train"
"2015_nk_161_redo","Train"
"2011_nk_241","Train"
"2020_kk_028","Train"
"2015_yk_178","Train"
"2017_kk_156","Train"
"2017_kk_167","Train"
"2021_yk_025","Train"
"2021_kk_314","Train"
"2015_yk_363","Train"
"2019_yk_458","Train"
"2019_yk_224","Train"
"2016_yk_163","Train"
"2015_nk_252","Train"
"2021_kk_376","Train"
"2015_yk_599","Train"
"corrected_2022_kk_233","Train"
"2017_yk_022","Train"
"2011_nk_108","Train"
"2021_yk_098","Train"
"2015_nk_092","Train"
"2021_kk_277_R1","Train"
"corrected_2022_kk_024","Train"
"2011_nk_74","Train"
"2017_kk_026","Train"
"2021_kk_043","Train"
"2015_yk_240","Train"
"2019_yk_469","Train"
"2019_yk_290","Train"
"2020_kk_274","Train"
"2021_kk_082","Train"
"corrected_2022_kk_011","Train"
"2016_yk_229","Train"
"2014_nk_52","Train"
"corrected_2022_kk_074","Train"
"2011_nk_173","Train"
"2019_yk_383","Train"
"2016_yk_059","Train"
"2015_yk_333_1","Train"
"corrected_2022_kk_114","Train"
"2019_kk_264","Train"
"2019_yk_090","Train"
"2019_yk_087","Train"
"2017_yk_185","Train"
"2017_yk_108","Train"
"2011_nk_234","Train"
"corrected_2022_kk_212","Train"
"2017_kk_078","Train"
"2015_yk_398_1","Train"
"2015_nk_027","Train"
"2019_kk_111","Train"
"2015_nk_132","Train"
"2014_nk_43","Train"
"2019_kk_354","Train"
"2019_kk_351","Train"
"2017_kk_079","Train"
"2020_kk_309","Train"
"2014_nk_189_redo","Train"
"2017_kk_073","Train"
"2017_yk_201","Train"
"2021_yk_509","Train"
"2021_yk_373","Train"
"2014_nk_89","Train"
"2020_kk_010","Train"
"2015_nk_289","Train"
"corrected_2022_kk_259","Train"
"2017_kk_190","Train"
"2021_kk_096","Train"
"2016_yk_213","Train"
"2019_yk_330","Train"
"2021_kk_158","Train"
"2015_yk_427","Train"
"2011_nk_187","Train"
"2019_yk_104","Train"
"2021_kk_163","Train"
"corrected_2022_kk_222","Train"
"2019_kk_352","Train"
"2016_yk_097","Train"
"2015_nk_218","Train"
"2015_nk_203_redo","Train"
"2017_yk_246","Train"
"2014_nk_208","Train"
"2021_yk_162","Train"
"2019_yk_043","Train"
"2017_yk_369","Train"
"2019_yk_051a","Train"
"2011_nk_25","Train"
"2011_nk_174","Train"
"corrected_2022_kk_246","Train"
"2015_nk_258","Train"
"2021_yk_405","Train"
"2021_kk_253_R1","Train"
"2021_kk_305","Train"
"2015_nk_215","Train"
"2019_yk_382_redo","Train"
"2021_yk_018","Train"
"2017_yk_053","Train"
"2015_nk_057","Train"
"2020_kk_276","Train"
"2021_yk_508","Train"
"2019_yk_057","Train"
"2014_nk_191","Train"
"2021_yk_506","Train"
"2021_kk_219","Train"
"2020_kk_007","Train"
"2015_yk_027","Train"
"2016_yk_072","Train"
"2011_nk_93","Train"
"2015_nk_141","Train"
"2011_nk_17","Train"
"2017_kk_256","Train"
"2014_nk_33B","Train"
"2015_yk_144","Train"
"2019_yk_482","Train"
"2019_kk_113","Train"
"2019_kk_167","Train"
"2016_yk_192","Train"
"2021_yk_380","Train"
"2019_yk_114","Train"
"2014_nk_182","Train"
"corrected_2022_kk_288","Train"
"2011_nk_201","Train"
"2020_kk_264","Train"
"2014_nk_226","Train"
"2019_yk_385","Train"
"2015_yk_040","Train"
"2016_yk_246_redo","Train"
"2016_yk_078_redo","Train"
"2021_kk_081","Train"
"2015_nk_126_redo","Train"
"2014_nk_246","Train"
"2016_yk_166_redo","Train"
"2015_nk_183","Train"
"2016_yk_187","Train"
"2017_kk_269redo","Train"
"2020_kk_009","Train"
"2020_kk_201","Train"
"2017_kk_124redo","Train"
"2016_yk_165","Train"
"2019_kk_296","Train"
"2011_nk_84","Train"
"2020_kk_032","Train"
"2017_kk_020","Train"
"2020_kk_299","Train"
"2014_nk_268","Train"
"2019_yk_152","Train"
"2017_yk_209","Train"
"2021_kk_347","Train"
"2020_kk_289","Train"
"2017_yk_277","Train"
"2016_yk_032","Train"
"2015_nk_68_redo","Train"
"2017_kk_127","Train"
"2021_yk_186","Train"
"2014_nk_139","Train"
"2016_yk_103b","Train"
"2019_yk_004","Train"
"2021_yk_464","Train"
"2015_nk_128","Train"
"2015_nk_210","Train"
"2019_kk_002","Train"
"2017_kk_252","Train"
"2017_kk_143","Train"
"2017_yk_172","Train"
"2017_yk_266","Train"
"2015_nk_168","Train"
"2016_yk_075","Train"
"corrected_2022_kk_156","Train"
"corrected_2022_kk_036","Train"
"2014_nk_58","Train"
"2015_yk_119","Train"
"2011_nk_66","Train"
"2020_kk_054","Train"
"2017_kk_184","Train"
"corrected_2022_kk_297","Train"
"2021_yk_171","Train"
"2017_kk_055","Train"
"2015_yk_444","Train"
"2019_kk_177","Train"
"2017_kk_169redo","Train"
"2017_kk_029","Train"
"2015_nk_026","Train"
"corrected_2022_kk_003","Train"
"2017_kk_060redo","Train"
"2016_yk_089_redo","Train"
"2015_yk_124","Train"
"2015_yk_555","Train"
"2017_yk_218","Train"
"2019_yk_251","Train"
"2015_nk_118","Train"
"2021_kk_169","Train"
"2021_kk_114","Train"
"2021_yk_479","Train"
"2019_yk_030","Train"
"2014_nk_277","Train"
"corrected_2022_kk_378","Train"
"2020_kk_150","Train"
"2016_yk_019","Train"
"2021_kk_302","Train"
"2015_yk_598","Train"
"2021_kk_342_R1","Train"
"corrected_2022_kk_313","Train"
"2020_kk_314","Train"
"2017_kk_180","Train"
"2021_yk_011","Train"
"2019_yk_357","Train"
"2019_kk_362","Train"
"2015_yk_056","Train"
"2021_kk_006_R2","Train"
"2011_nk_244","Train"
"2011_nk_248","Train"
"2016_yk_124","Train"
"2011_nk_212","Train"
"2015_nk_002","Train"
"2020_kk_049","Train"
"2011_nk_21","Train"
"2019_kk_067","Train"
"2017_kk_150","Train"
"2011_nk_36","Train"
"2015_nk_180","Train"
"corrected_2022_kk_181","Train"
"2021_kk_245","Train"
"2021_yk_370","Train"
"2021_kk_369","Train"
"2021_kk_239","Train"
"2011_nk_126","Train"
"2015_nk_177_redo","Train"
"corrected_2022_kk_211","Train"
"2021_yk_395","Train"
"2011_nk_63","Train"
"2017_yk_044","Train"
"2016_yk_030_redo","Train"
"2015_nk_223","Train"
"2021_kk_093","Train"
"corrected_2022_kk_352","Train"
"2011_nk_196","Train"
"corrected_2022_kk_204","Train"
"2017_yk_215","Train"
"2014_nk_153","Train"
"2017_kk_238","Train"
"corrected_2022_kk_365","Train"
"2020_kk_322","Train"
"2014_nk_133","Train"
"2021_yk_304","Train"
"2017_kk_203","Train"
"2020_kk_038","Train"
"2017_yk_109","Train"
"2011_nk_177","Train"
"2016_yk_148","Train"
"2021_yk_144","Train"
"2019_yk_488","Train"
"2015_yk_077","Train"
"2015_nk_278","Train"
"2020_kk_156","Train"
"2016_yk_183_redo","Train"
"2019_yk_384","Train"
"2017_kk_043","Train"
"2017_kk_237","Train"
"2019_kk_497","Train"
"2020_kk_126","Train"
"2015_nk_294","Train"
"2021_yk_135","Train"
"2015_yk_113","Train"
"2017_yk_167","Train"
"2021_yk_316","Train"
"2017_kk_003","Train"
"2011_nk_171","Train"
"2015_yk_261","Train"
"2019_kk_072","Train"
"2021_kk_222","Train"
"2019_kk_011","Train"
"2011_nk_105","Test"
"2011_nk_12","Test"
"2011_nk_127","Test"
"2011_nk_135","Test"
"2011_nk_140","Test"
"2011_nk_147","Test"
"2011_nk_150","Test"
"2011_nk_151","Test"
"2011_nk_156","Test"
"2011_nk_16","Test"
"2011_nk_163","Test"
"2011_nk_170","Test"
"2011_nk_178","Test"
"2011_nk_190","Test"
"2011_nk_199","Test"
"2011_nk_20","Test"
"2011_nk_205","Test"
"2011_nk_210","Test"
"2011_nk_216","Test"
"2011_nk_223","Test"
"2011_nk_225","Test"
"2011_nk_227","Test"
"2011_nk_228","Test"
"2011_nk_229","Test"
"2011_nk_231","Test"
"2011_nk_237","Test"
"2011_nk_23b","Test"
"2011_nk_245","Test"
"2011_nk_50","Test"
"2011_nk_51","Test"
"2011_nk_68","Test"
"2011_nk_75","Test"
"2011_nk_86","Test"
"2011_nk_87","Test"
"2011_nk_99","Test"
"2014_nk_12","Test"
"2014_nk_127","Test"
"2014_nk_129","Test"
"2014_nk_141","Test"
"2014_nk_145","Test"
"2014_nk_147","Test"
"2014_nk_155","Test"
"2014_nk_157","Test"
"2014_nk_163","Test"
"2014_nk_165","Test"
"2014_nk_168","Test"
"2014_nk_173","Test"
"2014_nk_176","Test"
"2014_nk_18_redo","Test"
"2014_nk_180","Test"
"2014_nk_192","Test"
"2014_nk_195","Test"
"2014_nk_200","Test"
"2014_nk_205","Test"
"2014_nk_209","Test"
"2014_nk_211","Test"
"2014_nk_212","Test"
"2014_nk_214","Test"
"2014_nk_221","Test"
"2014_nk_23","Test"
"2014_nk_238","Test"
"2014_nk_239","Test"
"2014_nk_244","Test"
"2014_nk_247","Test"
"2014_nk_250","Test"
"2014_nk_257","Test"
"2014_nk_263","Test"
"2014_nk_266","Test"
"2014_nk_267","Test"
"2014_nk_271","Test"
"2014_nk_275","Test"
"2014_nk_278","Test"
"2014_nk_3","Test"
"2014_nk_34","Test"
"2014_nk_4","Test"
"2014_nk_42_redo","Test"
"2014_nk_48","Test"
"2014_nk_5","Test"
"2014_nk_56_redo","Test"
"2014_nk_64","Test"
"2014_nk_65","Test"
"2014_nk_7","Test"
"2014_nk_72","Test"
"2014_nk_74","Test"
"2014_nk_8","Test"
"2014_nk_84","Test"
"2014_nk_85","Test"
"2014_nk_86","Test"
"2014_nk_95","Test"
"2014_nk_96","Test"
"2015_nk_004","Test"
"2015_nk_011","Test"
"2015_nk_018","Test"
"2015_nk_023","Test"
"2015_nk_064","Test"
"2015_nk_070","Test"
"2015_nk_079","Test"
"2015_nk_084","Test"
"2015_nk_088","Test"
"2015_nk_093","Test"
"2015_nk_099","Test"
"2015_nk_103","Test"
"2015_nk_104","Test"
"2015_nk_113","Test"
"2015_nk_114_redo","Test"
"2015_nk_116_1","Test"
"2015_nk_117","Test"
"2015_nk_122_redoB","Test"
"2015_nk_124_redo","Test"
"2015_nk_136","Test"
"2015_nk_138","Test"
"2015_nk_143","Test"
"2015_nk_147_redo","Test"
"2015_nk_148","Test"
"2015_nk_154_redo","Test"
"2015_nk_163","Test"
"2015_nk_167_redo","Test"
"2015_nk_170","Test"
"2015_nk_175","Test"
"2015_nk_176","Test"
"2015_nk_184","Test"
"2015_nk_190","Test"
"2015_nk_191","Test"
"2015_nk_194","Test"
"2015_nk_216","Test"
"2015_nk_217","Test"
"2015_nk_224_redo","Test"
"2015_nk_229","Test"
"2015_nk_242","Test"
"2015_nk_244","Test"
"2015_nk_254_redo","Test"
"2015_nk_259","Test"
"2015_nk_260_redo","Test"
"2015_nk_263","Test"
"2015_nk_268","Test"
"2015_nk_279","Test"
"2015_nk_53_redo","Test"
"2015_nk_59_redo","Test"
"2015_nk_7_redo","Test"
"2015_yk_013","Test"
"2015_yk_016","Test"
"2015_yk_032","Test"
"2015_yk_051a","Test"
"2015_yk_066","Test"
"2015_yk_091","Test"
"2015_yk_101","Test"
"2015_yk_102b","Test"
"2015_yk_128","Test"
"2015_yk_139","Test"
"2015_yk_148","Test"
"2015_yk_215","Test"
"2015_yk_219","Test"
"2015_yk_221_2","Test"
"2015_yk_234","Test"
"2015_yk_239","Test"
"2015_yk_242","Test"
"2015_yk_258","Test"
"2015_yk_259","Test"
"2015_yk_272","Test"
"2015_yk_326","Test"
"2015_yk_332","Test"
"2015_yk_379a","Test"
"2015_yk_379b","Test"
"2015_yk_397","Test"
"2015_yk_405","Test"
"2015_yk_417","Test"
"2015_yk_433","Test"
"2015_yk_458","Test"
"2015_yk_492","Test"
"2015_yk_521","Test"
"2015_yk_530_2","Test"
"2015_yk_550","Test"
"2015_yk_554","Test"
"2015_yk_566","Test"
"2015_yk_582","Test"
"2015_yk_595","Test"
"2015_yk_608","Test"
"2016_yk_006","Test"
"2016_yk_008","Test"
"2016_yk_011","Test"
"2016_yk_015_redo","Test"
"2016_yk_024","Test"
"2016_yk_031_redo","Test"
"2016_yk_035_redo","Test"
"2016_yk_038","Test"
"2016_yk_050","Test"
"2016_yk_053_redo","Test"
"2016_yk_054_redo","Test"
"2016_yk_065","Test"
"2016_yk_068","Test"
"2016_yk_069","Test"
"2016_yk_071","Test"
"2016_yk_073","Test"
"2016_yk_079","Test"
"2016_yk_086","Test"
"2016_yk_090","Test"
"2016_yk_092","Test"
"2016_yk_095_redo","Test"
"2016_yk_101","Test"
"2016_yk_112","Test"
"2016_yk_120","Test"
"2016_yk_123","Test"
"2016_yk_128","Test"
"2016_yk_140","Test"
"2016_yk_143","Test"
"2016_yk_144","Test"
"2016_yk_149_redo","Test"
"2016_yk_159","Test"
"2016_yk_168","Test"
"2016_yk_173","Test"
"2016_yk_186","Test"
"2016_yk_194","Test"
"2016_yk_200","Test"
"2016_yk_210","Test"
"2016_yk_216_redo","Test"
"2016_yk_221","Test"
"2016_yk_224","Test"
"2016_yk_229_sml","Test"
"2016_yk_243","Test"
"2016_yk_250","Test"
"2017_kk_008","Test"
"2017_kk_017","Test"
"2017_kk_040","Test"
"2017_kk_042redo","Test"
"2017_kk_048","Test"
"2017_kk_049redo","Test"
"2017_kk_050","Test"
"2017_kk_063","Test"
"2017_kk_064","Test"
"2017_kk_074redo","Test"
"2017_kk_077","Test"
"2017_kk_081","Test"
"2017_kk_092","Test"
"2017_kk_093","Test"
"2017_kk_105","Test"
"2017_kk_108","Test"
"2017_kk_112","Test"
"2017_kk_129","Test"
"2017_kk_130","Test"
"2017_kk_144","Test"
"2017_kk_149","Test"
"2017_kk_166redo","Test"
"2017_kk_176redo","Test"
"2017_kk_182","Test"
"2017_kk_186redo","Test"
"2017_kk_187","Test"
"2017_kk_191","Test"
"2017_kk_209","Test"
"2017_kk_218","Test"
"2017_kk_235","Test"
"2017_kk_241","Test"
"2017_kk_259redo","Test"
"2017_kk_268","Test"
"2017_kk_271redo","Test"
"2017_yk_033","Test"
"2017_yk_039","Test"
"2017_yk_041","Test"
"2017_yk_047","Test"
"2017_yk_064","Test"
"2017_yk_070_a","Test"
"2017_yk_071","Test"
"2017_yk_075","Test"
"2017_yk_086","Test"
"2017_yk_088","Test"
"2017_yk_094","Test"
"2017_yk_098","Test"
"2017_yk_101","Test"
"2017_yk_105","Test"
"2017_yk_116","Test"
"2017_yk_124","Test"
"2017_yk_144","Test"
"2017_yk_149","Test"
"2017_yk_169","Test"
"2017_yk_174","Test"
"2017_yk_205","Test"
"2017_yk_178","Test"
"2017_yk_210","Test"
"2017_yk_229","Test"
"2017_yk_245","Test"
"2017_yk_251","Test"
"2017_yk_256","Test"
"2017_yk_261","Test"
"2017_yk_263","Test"
"2017_yk_276","Test"
"2017_yk_281","Test"
"2017_yk_308","Test"
"2017_yk_336","Test"
"2017_yk_343","Test"
"2017_yk_345","Test"
"2017_yk_346","Test"
"2017_yk_352","Test"
"2017_yk_355","Test"
"2017_yk_371","Test"
"2017_yk_374","Test"
"2019_kk_007","Test"
"2019_kk_026","Test"
"2017_yk_212","Test"
"2019_kk_047","Test"
"2019_kk_058","Test"
"2019_kk_073","Test"
"2019_kk_095","Test"
"2019_kk_101a","Test"
"2019_kk_103","Test"
"2019_kk_134","Test"
"2019_kk_143","Test"
"2019_kk_152","Test"
"2019_kk_171","Test"
"2019_kk_229","Test"
"2019_kk_253","Test"
"2019_kk_268_left","Test"
"2019_kk_321","Test"
"2019_kk_324","Test"
"2019_kk_344","Test"
"2019_kk_346","Test"
"2019_kk_357","Test"
"2019_kk_382","Test"
"2019_kk_393","Test"
"2019_kk_441","Test"
"2019_kk_446","Test"
"2019_kk_456","Test"
"2019_kk_467","Test"
"2019_kk_480","Test"
"2019_yk_005","Test"
"2019_yk_007","Test"
"2019_yk_016","Test"
"2019_yk_042","Test"
"2019_yk_066","Test"
"2019_yk_082","Test"
"2019_yk_085","Test"
"2019_yk_108","Test"
"2019_yk_116","Test"
"2019_yk_119","Test"
"2019_yk_128","Test"
"2019_yk_138","Test"
"2019_yk_168","Test"
"2019_yk_174","Test"
"2019_yk_181","Test"
"2019_yk_188","Test"
"2019_yk_195","Test"
"2019_yk_199","Test"
"2019_yk_200","Test"
"2019_yk_201","Test"
"2019_yk_209","Test"
"2019_yk_216","Test"
"2019_yk_230","Test"
"2019_yk_236","Test"
"2019_yk_257","Test"
"2019_yk_260","Test"
"2019_yk_266","Test"
"2019_yk_268","Test"
"2019_yk_275","Test"
"2019_yk_283","Test"
"2019_yk_286","Test"
"2019_yk_292","Test"
"2019_yk_295_redo","Test"
"2019_yk_296","Test"
"2019_yk_303","Test"
"2019_yk_319","Test"
"2019_yk_345","Test"
"2019_yk_360","Test"
"2019_yk_387","Test"
"2019_yk_408","Test"
"2019_yk_409","Test"
"2019_yk_417","Test"
"2019_yk_418","Test"
"2019_yk_450","Test"
"2019_yk_459","Test"
"2019_yk_477","Test"
"2019_yk_487","Test"
"2019_yk_500","Test"
"2020_kk_015","Test"
"2020_kk_037","Test"
"2020_kk_048","Test"
"2020_kk_053_redo","Test"
"2020_kk_056","Test"
"2020_kk_068_redo","Test"
"2020_kk_076","Test"
"2020_kk_078_redo","Test"
"2020_kk_083_redo_a","Test"
"2020_kk_090","Test"
"2020_kk_120","Test"
"2020_kk_138","Test"
"2020_kk_139","Test"
"2020_kk_140_redo","Test"
"2020_kk_145_redo","Test"
"2020_kk_153","Test"
"2020_kk_174_redo","Test"
"2020_kk_186_redo","Test"
"2020_kk_187","Test"
"2020_kk_188","Test"
"2020_kk_191_redo","Test"
"2020_kk_196_redo","Test"
"2020_kk_207_redo","Test"
"2020_kk_219","Test"
"2020_kk_237a","Test"
"2020_kk_238_redo","Test"
"2020_kk_241_sld18","Test"
"2020_kk_244","Test"
"2020_kk_245","Test"
"2020_kk_261","Test"
"2020_kk_277","Test"
"2020_kk_279","Test"
"2020_kk_290","Test"
"2020_kk_302","Test"
"2020_kk_306","Test"
"2020_kk_316","Test"
"2020_kk_331","Test"
"2020_kk_332","Test"
"2020_kk_335","Test"
"2020_kk_337","Test"
"2020_kk_340","Test"
"2021_kk_021_R1","Test"
"2021_kk_033","Test"
"2021_kk_037","Test"
"2021_kk_045","Test"
"2021_kk_049_R1","Test"
"2021_kk_055_R1","Test"
"2021_kk_083_R1","Test"
"2021_kk_110_r1","Test"
"2021_kk_113","Test"
"2021_kk_115","Test"
"2021_kk_144_R1","Test"
"2021_kk_147_R1","Test"
"2021_kk_160","Test"
"2021_kk_161","Test"
"2021_kk_173","Test"
"2021_kk_190","Test"
"2021_kk_206","Test"
"2021_kk_213","Test"
"2021_kk_217","Test"
"2021_kk_231","Test"
"2021_kk_238_R1","Test"
"2021_kk_275","Test"
"2021_kk_286","Test"
"2021_kk_322","Test"
"2021_kk_340","Test"
"2021_kk_366","Test"
"2021_kk_374_R1","Test"
"2021_yk_001","Test"
"2021_yk_007","Test"
"2021_yk_016","Test"
"2021_yk_017","Test"
"2021_yk_027","Test"
"2021_yk_029","Test"
"2021_yk_031","Test"
"2021_yk_037","Test"
"2021_yk_055","Test"
"2021_yk_070","Test"
"2021_yk_084","Test"
"2021_yk_104","Test"
"2021_yk_112","Test"
"2021_yk_136","Test"
"2021_yk_145","Test"
"2021_yk_160","Test"
"2021_yk_164","Test"
"2021_yk_167","Test"
"2021_yk_172","Test"
"2021_yk_195","Test"
"2021_yk_203","Test"
"2021_yk_208","Test"
"2021_yk_217","Test"
"2021_yk_301","Test"
"2021_yk_303","Test"
"2021_yk_308","Test"
"2021_yk_314","Test"
"2021_yk_357","Test"
"2021_yk_386","Test"
"2021_yk_409","Test"
"2021_yk_410","Test"
"2021_yk_477","Test"
"2021_yk_478","Test"
"2021_yk_495","Test"
"2021_yk_499","Test"
"2021_yk_510","Test"
"corrected_2022_kk_017","Test"
"corrected_2022_kk_041","Test"
"corrected_2022_kk_076","Test"
"corrected_2022_kk_079","Test"
"corrected_2022_kk_083","Test"
"corrected_2022_kk_092","Test"
"corrected_2022_kk_093","Test"
"corrected_2022_kk_094","Test"
"corrected_2022_kk_099","Test"
"corrected_2022_kk_103","Test"
"corrected_2022_kk_113","Test"
"corrected_2022_kk_126","Test"
"corrected_2022_kk_183","Test"
"corrected_2022_kk_184","Test"
"corrected_2022_kk_195","Test"
"corrected_2022_kk_196","Test"
"corrected_2022_kk_205","Test"
"corrected_2022_kk_209","Test"
"corrected_2022_kk_210","Test"
"corrected_2022_kk_216","Test"
"corrected_2022_kk_219","Test"
"corrected_2022_kk_220","Test"
"corrected_2022_kk_231","Test"
"corrected_2022_kk_245","Test"
"corrected_2022_kk_248","Test"
"corrected_2022_kk_260","Test"
"corrected_2022_kk_289","Test"
"corrected_2022_kk_296","Test"
"corrected_2022_kk_317","Test"
"corrected_2022_kk_334","Test"
"corrected_2022_kk_343","Test"
"corrected_2022_kk_356","Test"
"corrected_2022_kk_371","Test"
